Weekday,Date
7 Sun,2022-04-10
1 Mon,2022-04-11
2 Tue,2022-04-12
3 Wed,2022-04-13
4 Thu,2022-04-14
5 Fri,2022-04-15
6 Sat,2022-04-16
7 Sun,2022-04-17
1 Mon,2022-04-18
2 Tue,2022-04-19
3 Wed,2022-04-20
4 Thu,2022-04-21
5 Fri,2022-04-22
6 Sat,2022-04-23
7 Sun,2022-04-24
1 Mon,2022-04-25
2 Tue,2022-04-26
3 Wed,2022-04-27
4 Thu,2022-04-28
5 Fri,2022-04-29
6 Sat,2022-04-30
7 Sun,2022-05-01
1 Mon,2022-05-02
2 Tue,2022-05-03
3 Wed,2022-05-04
4 Thu,2022-05-05
5 Fri,2022-05-06
6 Sat,2022-05-07
7 Sun,2022-05-08
1 Mon,2022-05-09
2 Tue,2022-05-10
3 Wed,2022-05-11
4 Thu,2022-05-12
